snp_id	position	iHS	XPEHH	iHH	dDAF	DAF	Fst	unstd_PoP	unstd_MoP	win_PoP	win_MoP
rs446549	14781959	-1.6838548658693318	0.4468217926498264	2.662195152650273	-0.14	0.5	0.2533186678303424	2.4112464625683644E-15	0.11364572629929966	2.236016546483947	2.11996635946765
rs34848403	15423382	-1.5530600467196787	0.770364461400953	1.0929388031652991	0.03999999999999998	0.2	0.0036204958173745665	4.459171333787195E-18	0.03241940158342858	2.7862884640421797	1.849950304462454
