snp_id	position	iHS	XPEHH	iHH	dDAF	DAF	Fst	unstd_PoP	unstd_MoP	win_PoP	win_MoP
rs2775537	14601415	0.2021611937032401	2.0067245874050075	-1.151383942546153	0.06000000000000005	0.48	0.3312571085216421	4.611074554136823E-25	0.027345332918204256	-0.45220856324305797	-0.5225762489040384
rs117793173	14622336	NaN	-0.5101016307538403	NaN	0.06	0.02	0.037981859410430606	NaN	NaN	NaN	NaN
rs1148737	14669931	-0.5792815452897367	0.18453215896572342	-0.12145989575387753	-0.040000000000000036	0.56	0.2606962830177116	3.3484115071474754E-18	0.01447830304063174	-0.448475521933052	-0.9165683660028371
rs2775793	14762190	-0.037189217228869115	-0.1745588556200652	-1.0124126869947354	-0.04	0.08	0.8077640378185171	NaN	NaN	NaN	NaN
rs77585460	14771793	NaN	-0.6810548377113567	NaN	0.06	0.02	0.5910693323417255	NaN	NaN	NaN	NaN
rs2747267	14773871	1.1629389043463925	-0.11353812203920831	-0.9707666291303689	-0.04	0.08	0.8738848669483846	NaN	NaN	NaN	NaN
rs2747265	14775085	-0.7696535419209273	-0.10651874502424893	0.38121299881004816	-0.04	0.08	0.8518143368458494	NaN	NaN	NaN	NaN
rs446549	14781959	-1.6838548658693318	0.4468217926498264	2.662195152650273	-0.14	0.5	0.2533186678303424	2.4112464625683644E-15	0.11364572629929966	2.236016546483947	2.11996635946765
rs431133	14785028	1.7157701287434333	-0.16575103502349156	0.36275875689675086	0.019999999999999907	0.92	0.7441243105249138	7.271419849274841E-24	0.048832838501169644	-0.45220855565044843	0.13537728787611858
rs2821870	14818410	-0.832675276273427	-0.1534650791569326	-0.37077135068839495	-0.09999999999999998	0.9	0.09147230320699695	1.758816536360072E-17	0.02639992485019891	-0.4326000548355095	-0.5515249130308667
rs13047108	14880003	-0.2970113795525913	-2.07555031787767	0.4055189752244159	0.020000000000000018	0.32	0.15850029824398087	1.5111301840369767E-18	0.03576792378163604	-0.45052385082187985	-0.26467411940602714
rs144165180	14882965	NaN	-1.118337583364287	NaN	0.04	0.0	0.024965986394557608	NaN	NaN	NaN	NaN
rs117062102	14931069	1.4227451282360557	1.63241357320264	-0.1594735637094967	-0.04000000000000001	0.1	-0.0010298362415328863	NaN	NaN	NaN	NaN
kgp7953532	14936462	-0.30394952889423865	0.8283840943478931	-0.025417814758463306	0.0	0.06	0.5667918367346939	NaN	NaN	NaN	NaN
